--liquibase formatted sql

--changeset qbisiak:1
insert into roles(role, name) values ('ROLE_ADMIN', 'Administrator');
insert into roles(role, name) values ('ROLE_ACCOUNTANT', 'Księgowy');
insert into roles(role, name) values ('ROLE_EMPLOYEE', 'Pracownik');
insert into roles(role, name) values ('ROLE_CLIENT', 'Klient');
insert into roles(role, name) values ('ROLE_REMOTE', 'Stacja dokująca');
insert into users (username, added_on, balance, blocked, enabled, password) values ('admin', now(), 0, false, true, '207023ccb44feb4d7dadca005ce29a64');
insert into users (username, added_on, balance, blocked, enabled, password) values ('emp', now(), 0, false, true, '207023ccb44feb4d7dadca005ce29a64');
insert into users (username, added_on, balance, blocked, enabled, password) values ('user', now(), 0, false, true, '207023ccb44feb4d7dadca005ce29a64');
insert into users (username, added_on, balance, blocked, enabled, password) values ('remote', now(), 0, false, true, '207023ccb44feb4d7dadca005ce29a64');
insert into user_roles(username, role) values ('admin', 'ROLE_ADMIN');
insert into user_roles(username, role) values ('admin', 'ROLE_ACCOUNTANT');
insert into user_roles(username, role) values ('admin', 'ROLE_EMPLOYEE');
insert into user_roles(username, role) values ('admin', 'ROLE_CLIENT');
insert into user_roles(username, role) values ('emp', 'ROLE_ACCOUNTANT');
insert into user_roles(username, role) values ('emp', 'ROLE_EMPLOYEE');
insert into user_roles(username, role) values ('user', 'ROLE_CLIENT');
insert into user_roles(username, role) values ('remote', 'ROLE_REMOTE');

--changeset saga,qbisiak:2
insert into users(username, added_on, balance, blocked, enabled, password) values ('LOC00001', now(), 0, false, true, '207023ccb44feb4d7dadca005ce29a64');
insert into users(username, added_on, balance, blocked, enabled, password) values ('LOC00002', now(), 0, false, true, '207023ccb44feb4d7dadca005ce29a64');
insert into users(username, added_on, balance, blocked, enabled, password) values ('LOC00003', now(), 0, false, true, '207023ccb44feb4d7dadca005ce29a64');
insert into users(username, added_on, balance, blocked, enabled, password) values ('LOC00004', now(), 0, false, true, '207023ccb44feb4d7dadca005ce29a64');
insert into users(username, added_on, balance, blocked, enabled, password) values ('LOC00005', now(), 0, false, true, '207023ccb44feb4d7dadca005ce29a64');
insert into users(username, added_on, balance, blocked, enabled, password) values ('LOC00006', now(), 0, false, true, '207023ccb44feb4d7dadca005ce29a64');
insert into users(username, added_on, balance, blocked, enabled, password) values ('LOC00007', now(), 0, false, true, '207023ccb44feb4d7dadca005ce29a64');
insert into users(username, added_on, balance, blocked, enabled, password) values ('LOC00008', now(), 0, false, true, '207023ccb44feb4d7dadca005ce29a64');
insert into users(username, added_on, balance, blocked, enabled, password) values ('LOC00009', now(), 0, false, true, '207023ccb44feb4d7dadca005ce29a64');
insert into users(username, added_on, balance, blocked, enabled, password) values ('LOC00010', now(), 0, false, true, '207023ccb44feb4d7dadca005ce29a64');
insert into users(username, added_on, balance, blocked, enabled, password) values ('LOC00011', now(), 0, false, true, '207023ccb44feb4d7dadca005ce29a64');
insert into users(username, added_on, balance, blocked, enabled, password) values ('LOC00012', now(), 0, false, true, '207023ccb44feb4d7dadca005ce29a64');
insert into users(username, added_on, balance, blocked, enabled, password) values ('LOC00013', now(), 0, false, true, '207023ccb44feb4d7dadca005ce29a64');
insert into users(username, added_on, balance, blocked, enabled, password) values ('LOC00014', now(), 0, false, true, '207023ccb44feb4d7dadca005ce29a64');
insert into users(username, added_on, balance, blocked, enabled, password) values ('LOC00015', now(), 0, false, true, '207023ccb44feb4d7dadca005ce29a64');
insert into users(username, added_on, balance, blocked, enabled, password) values ('LOC00016', now(), 0, false, true, '207023ccb44feb4d7dadca005ce29a64');
insert into users(username, added_on, balance, blocked, enabled, password) values ('LOC00017', now(), 0, false, true, '207023ccb44feb4d7dadca005ce29a64');
insert into users(username, added_on, balance, blocked, enabled, password) values ('LOC00018', now(), 0, false, true, '207023ccb44feb4d7dadca005ce29a64');
insert into users(username, added_on, balance, blocked, enabled, password) values ('LOC00019', now(), 0, false, true, '207023ccb44feb4d7dadca005ce29a64');
insert into users(username, added_on, balance, blocked, enabled, password) values ('LOC00020', now(), 0, false, true, '207023ccb44feb4d7dadca005ce29a64');
insert into users(username, added_on, balance, blocked, enabled, password) values ('LOC00021', now(), 0, false, true, '207023ccb44feb4d7dadca005ce29a64');
insert into users(username, added_on, balance, blocked, enabled, password) values ('LOC00022', now(), 0, false, true, '207023ccb44feb4d7dadca005ce29a64');
insert into users(username, added_on, balance, blocked, enabled, password) values ('LOC00023', now(), 0, false, true, '207023ccb44feb4d7dadca005ce29a64');
insert into users(username, added_on, balance, blocked, enabled, password) values ('LOC00024', now(), 0, false, true, '207023ccb44feb4d7dadca005ce29a64');
insert into users(username, added_on, balance, blocked, enabled, password) values ('LOC00025', now(), 0, false, true, '207023ccb44feb4d7dadca005ce29a64');
insert into users(username, added_on, balance, blocked, enabled, password) values ('LOC00026', now(), 0, false, true, '207023ccb44feb4d7dadca005ce29a64');
insert into users(username, added_on, balance, blocked, enabled, password) values ('LOC00027', now(), 0, false, true, '207023ccb44feb4d7dadca005ce29a64');
insert into users(username, added_on, balance, blocked, enabled, password) values ('LOC00028', now(), 0, false, true, '207023ccb44feb4d7dadca005ce29a64');
insert into users(username, added_on, balance, blocked, enabled, password) values ('LOC00029', now(), 0, false, true, '207023ccb44feb4d7dadca005ce29a64');
insert into users(username, added_on, balance, blocked, enabled, password) values ('LOC00030', now(), 0, false, true, '207023ccb44feb4d7dadca005ce29a64');
insert into users(username, added_on, balance, blocked, enabled, password) values ('LOC00031', now(), 0, false, true, '207023ccb44feb4d7dadca005ce29a64');
insert into users(username, added_on, balance, blocked, enabled, password) values ('LOC00032', now(), 0, false, true, '207023ccb44feb4d7dadca005ce29a64');
insert into users(username, added_on, balance, blocked, enabled, password) values ('LOC00033', now(), 0, false, true, '207023ccb44feb4d7dadca005ce29a64');
insert into users(username, added_on, balance, blocked, enabled, password) values ('LOC00034', now(), 0, false, true, '207023ccb44feb4d7dadca005ce29a64');
insert into users(username, added_on, balance, blocked, enabled, password) values ('LOC00035', now(), 0, false, true, '207023ccb44feb4d7dadca005ce29a64');
insert into users(username, added_on, balance, blocked, enabled, password) values ('LOC00036', now(), 0, false, true, '207023ccb44feb4d7dadca005ce29a64');
insert into users(username, added_on, balance, blocked, enabled, password) values ('LOC00037', now(), 0, false, true, '207023ccb44feb4d7dadca005ce29a64');
insert into users(username, added_on, balance, blocked, enabled, password) values ('LOC00038', now(), 0, false, true, '207023ccb44feb4d7dadca005ce29a64');
insert into users(username, added_on, balance, blocked, enabled, password) values ('LOC00039', now(), 0, false, true, '207023ccb44feb4d7dadca005ce29a64');
insert into users(username, added_on, balance, blocked, enabled, password) values ('LOC00040', now(), 0, false, true, '207023ccb44feb4d7dadca005ce29a64');
insert into users(username, added_on, balance, blocked, enabled, password) values ('LOC00041', now(), 0, false, true, '207023ccb44feb4d7dadca005ce29a64');
insert into users(username, added_on, balance, blocked, enabled, password) values ('LOC00042', now(), 0, false, true, '207023ccb44feb4d7dadca005ce29a64');
insert into users(username, added_on, balance, blocked, enabled, password) values ('LOC00043', now(), 0, false, true, '207023ccb44feb4d7dadca005ce29a64');
insert into users(username, added_on, balance, blocked, enabled, password) values ('LOC00044', now(), 0, false, true, '207023ccb44feb4d7dadca005ce29a64');
insert into users(username, added_on, balance, blocked, enabled, password) values ('LOC00045', now(), 0, false, true, '207023ccb44feb4d7dadca005ce29a64');
insert into users(username, added_on, balance, blocked, enabled, password) values ('LOC00046', now(), 0, false, true, '207023ccb44feb4d7dadca005ce29a64');
insert into users(username, added_on, balance, blocked, enabled, password) values ('LOC00047', now(), 0, false, true, '207023ccb44feb4d7dadca005ce29a64');
insert into users(username, added_on, balance, blocked, enabled, password) values ('LOC00048', now(), 0, false, true, '207023ccb44feb4d7dadca005ce29a64');
insert into users(username, added_on, balance, blocked, enabled, password) values ('LOC00049', now(), 0, false, true, '207023ccb44feb4d7dadca005ce29a64');
insert into users(username, added_on, balance, blocked, enabled, password) values ('LOC00050', now(), 0, false, true, '207023ccb44feb4d7dadca005ce29a64');
insert into users(username, added_on, balance, blocked, enabled, password) values ('LOC00051', now(), 0, false, true, '207023ccb44feb4d7dadca005ce29a64');
insert into users(username, added_on, balance, blocked, enabled, password) values ('LOC00052', now(), 0, false, true, '207023ccb44feb4d7dadca005ce29a64');
insert into users(username, added_on, balance, blocked, enabled, password) values ('LOC00053', now(), 0, false, true, '207023ccb44feb4d7dadca005ce29a64');
insert into users(username, added_on, balance, blocked, enabled, password) values ('LOC00054', now(), 0, false, true, '207023ccb44feb4d7dadca005ce29a64');
insert into users(username, added_on, balance, blocked, enabled, password) values ('LOC00055', now(), 0, false, true, '207023ccb44feb4d7dadca005ce29a64');
insert into users(username, added_on, balance, blocked, enabled, password) values ('LOC00056', now(), 0, false, true, '207023ccb44feb4d7dadca005ce29a64');
insert into users(username, added_on, balance, blocked, enabled, password) values ('LOC00057', now(), 0, false, true, '207023ccb44feb4d7dadca005ce29a64');
insert into users(username, added_on, balance, blocked, enabled, password) values ('LOC00058', now(), 0, false, true, '207023ccb44feb4d7dadca005ce29a64');
insert into users(username, added_on, balance, blocked, enabled, password) values ('LOC00059', now(), 0, false, true, '207023ccb44feb4d7dadca005ce29a64');
insert into users(username, added_on, balance, blocked, enabled, password) values ('LOC00060', now(), 0, false, true, '207023ccb44feb4d7dadca005ce29a64');
insert into users(username, added_on, balance, blocked, enabled, password) values ('LOC00061', now(), 0, false, true, '207023ccb44feb4d7dadca005ce29a64');
insert into users(username, added_on, balance, blocked, enabled, password) values ('LOC00062', now(), 0, false, true, '207023ccb44feb4d7dadca005ce29a64');
insert into users(username, added_on, balance, blocked, enabled, password) values ('LOC00063', now(), 0, false, true, '207023ccb44feb4d7dadca005ce29a64');
insert into users(username, added_on, balance, blocked, enabled, password) values ('LOC00064', now(), 0, false, true, '207023ccb44feb4d7dadca005ce29a64');
insert into users(username, added_on, balance, blocked, enabled, password) values ('LOC00065', now(), 0, false, true, '207023ccb44feb4d7dadca005ce29a64');
insert into users(username, added_on, balance, blocked, enabled, password) values ('LOC00066', now(), 0, false, true, '207023ccb44feb4d7dadca005ce29a64');
insert into users(username, added_on, balance, blocked, enabled, password) values ('LOC00067', now(), 0, false, true, '207023ccb44feb4d7dadca005ce29a64');
insert into users(username, added_on, balance, blocked, enabled, password) values ('LOC00068', now(), 0, false, true, '207023ccb44feb4d7dadca005ce29a64');
insert into users(username, added_on, balance, blocked, enabled, password) values ('LOC00069', now(), 0, false, true, '207023ccb44feb4d7dadca005ce29a64');
insert into users(username, added_on, balance, blocked, enabled, password) values ('LOC00070', now(), 0, false, true, '207023ccb44feb4d7dadca005ce29a64');
insert into users(username, added_on, balance, blocked, enabled, password) values ('LOC00071', now(), 0, false, true, '207023ccb44feb4d7dadca005ce29a64');
insert into users(username, added_on, balance, blocked, enabled, password) values ('LOC00072', now(), 0, false, true, '207023ccb44feb4d7dadca005ce29a64');
insert into users(username, added_on, balance, blocked, enabled, password) values ('LOC00073', now(), 0, false, true, '207023ccb44feb4d7dadca005ce29a64');
insert into users(username, added_on, balance, blocked, enabled, password) values ('LOC00074', now(), 0, false, true, '207023ccb44feb4d7dadca005ce29a64');
insert into users(username, added_on, balance, blocked, enabled, password) values ('LOC00075', now(), 0, false, true, '207023ccb44feb4d7dadca005ce29a64');
insert into users(username, added_on, balance, blocked, enabled, password) values ('LOC00076', now(), 0, false, true, '207023ccb44feb4d7dadca005ce29a64');
insert into users(username, added_on, balance, blocked, enabled, password) values ('LOC00077', now(), 0, false, true, '207023ccb44feb4d7dadca005ce29a64');
insert into users(username, added_on, balance, blocked, enabled, password) values ('LOC00078', now(), 0, false, true, '207023ccb44feb4d7dadca005ce29a64');
insert into users(username, added_on, balance, blocked, enabled, password) values ('LOC00079', now(), 0, false, true, '207023ccb44feb4d7dadca005ce29a64');
insert into users(username, added_on, balance, blocked, enabled, password) values ('LOC00080', now(), 0, false, true, '207023ccb44feb4d7dadca005ce29a64');
insert into users(username, added_on, balance, blocked, enabled, password) values ('LOC00081', now(), 0, false, true, '207023ccb44feb4d7dadca005ce29a64');
insert into users(username, added_on, balance, blocked, enabled, password) values ('LOC00082', now(), 0, false, true, '207023ccb44feb4d7dadca005ce29a64');
insert into users(username, added_on, balance, blocked, enabled, password) values ('LOC00083', now(), 0, false, true, '207023ccb44feb4d7dadca005ce29a64');
insert into users(username, added_on, balance, blocked, enabled, password) values ('LOC00084', now(), 0, false, true, '207023ccb44feb4d7dadca005ce29a64');
insert into users(username, added_on, balance, blocked, enabled, password) values ('LOC00085', now(), 0, false, true, '207023ccb44feb4d7dadca005ce29a64');
insert into users(username, added_on, balance, blocked, enabled, password) values ('LOC00086', now(), 0, false, true, '207023ccb44feb4d7dadca005ce29a64');
insert into users(username, added_on, balance, blocked, enabled, password) values ('LOC00087', now(), 0, false, true, '207023ccb44feb4d7dadca005ce29a64');
insert into users(username, added_on, balance, blocked, enabled, password) values ('LOC00088', now(), 0, false, true, '207023ccb44feb4d7dadca005ce29a64');
insert into users(username, added_on, balance, blocked, enabled, password) values ('LOC00089', now(), 0, false, true, '207023ccb44feb4d7dadca005ce29a64');
insert into users(username, added_on, balance, blocked, enabled, password) values ('LOC00090', now(), 0, false, true, '207023ccb44feb4d7dadca005ce29a64');
insert into users(username, added_on, balance, blocked, enabled, password) values ('LOC00091', now(), 0, false, true, '207023ccb44feb4d7dadca005ce29a64');
insert into users(username, added_on, balance, blocked, enabled, password) values ('LOC00092', now(), 0, false, true, '207023ccb44feb4d7dadca005ce29a64');
insert into users(username, added_on, balance, blocked, enabled, password) values ('LOC00093', now(), 0, false, true, '207023ccb44feb4d7dadca005ce29a64');
insert into users(username, added_on, balance, blocked, enabled, password) values ('LOC00094', now(), 0, false, true, '207023ccb44feb4d7dadca005ce29a64');
insert into users(username, added_on, balance, blocked, enabled, password) values ('LOC00095', now(), 0, false, true, '207023ccb44feb4d7dadca005ce29a64');
insert into users(username, added_on, balance, blocked, enabled, password) values ('LOC00096', now(), 0, false, true, '207023ccb44feb4d7dadca005ce29a64');
insert into users(username, added_on, balance, blocked, enabled, password) values ('LOC00097', now(), 0, false, true, '207023ccb44feb4d7dadca005ce29a64');
insert into users(username, added_on, balance, blocked, enabled, password) values ('LOC00098', now(), 0, false, true, '207023ccb44feb4d7dadca005ce29a64');
insert into users(username, added_on, balance, blocked, enabled, password) values ('LOC00099', now(), 0, false, true, '207023ccb44feb4d7dadca005ce29a64');
insert into users(username, added_on, balance, blocked, enabled, password) values ('LOC00100', now(), 0, false, true, '207023ccb44feb4d7dadca005ce29a64');

insert into user_roles(username, role) values ('LOC00001', 'ROLE_REMOTE');
insert into user_roles(username, role) values ('LOC00002', 'ROLE_REMOTE');
insert into user_roles(username, role) values ('LOC00003', 'ROLE_REMOTE');
insert into user_roles(username, role) values ('LOC00004', 'ROLE_REMOTE');
insert into user_roles(username, role) values ('LOC00005', 'ROLE_REMOTE');
insert into user_roles(username, role) values ('LOC00006', 'ROLE_REMOTE');
insert into user_roles(username, role) values ('LOC00007', 'ROLE_REMOTE');
insert into user_roles(username, role) values ('LOC00008', 'ROLE_REMOTE');
insert into user_roles(username, role) values ('LOC00009', 'ROLE_REMOTE');
insert into user_roles(username, role) values ('LOC00010', 'ROLE_REMOTE');
insert into user_roles(username, role) values ('LOC00011', 'ROLE_REMOTE');
insert into user_roles(username, role) values ('LOC00012', 'ROLE_REMOTE');
insert into user_roles(username, role) values ('LOC00013', 'ROLE_REMOTE');
insert into user_roles(username, role) values ('LOC00014', 'ROLE_REMOTE');
insert into user_roles(username, role) values ('LOC00015', 'ROLE_REMOTE');
insert into user_roles(username, role) values ('LOC00016', 'ROLE_REMOTE');
insert into user_roles(username, role) values ('LOC00017', 'ROLE_REMOTE');
insert into user_roles(username, role) values ('LOC00018', 'ROLE_REMOTE');
insert into user_roles(username, role) values ('LOC00019', 'ROLE_REMOTE');
insert into user_roles(username, role) values ('LOC00020', 'ROLE_REMOTE');
insert into user_roles(username, role) values ('LOC00021', 'ROLE_REMOTE');
insert into user_roles(username, role) values ('LOC00022', 'ROLE_REMOTE');
insert into user_roles(username, role) values ('LOC00023', 'ROLE_REMOTE');
insert into user_roles(username, role) values ('LOC00024', 'ROLE_REMOTE');
insert into user_roles(username, role) values ('LOC00025', 'ROLE_REMOTE');
insert into user_roles(username, role) values ('LOC00026', 'ROLE_REMOTE');
insert into user_roles(username, role) values ('LOC00027', 'ROLE_REMOTE');
insert into user_roles(username, role) values ('LOC00028', 'ROLE_REMOTE');
insert into user_roles(username, role) values ('LOC00029', 'ROLE_REMOTE');
insert into user_roles(username, role) values ('LOC00030', 'ROLE_REMOTE');
insert into user_roles(username, role) values ('LOC00031', 'ROLE_REMOTE');
insert into user_roles(username, role) values ('LOC00032', 'ROLE_REMOTE');
insert into user_roles(username, role) values ('LOC00033', 'ROLE_REMOTE');
insert into user_roles(username, role) values ('LOC00034', 'ROLE_REMOTE');
insert into user_roles(username, role) values ('LOC00035', 'ROLE_REMOTE');
insert into user_roles(username, role) values ('LOC00036', 'ROLE_REMOTE');
insert into user_roles(username, role) values ('LOC00037', 'ROLE_REMOTE');
insert into user_roles(username, role) values ('LOC00038', 'ROLE_REMOTE');
insert into user_roles(username, role) values ('LOC00039', 'ROLE_REMOTE');
insert into user_roles(username, role) values ('LOC00040', 'ROLE_REMOTE');
insert into user_roles(username, role) values ('LOC00041', 'ROLE_REMOTE');
insert into user_roles(username, role) values ('LOC00042', 'ROLE_REMOTE');
insert into user_roles(username, role) values ('LOC00043', 'ROLE_REMOTE');
insert into user_roles(username, role) values ('LOC00044', 'ROLE_REMOTE');
insert into user_roles(username, role) values ('LOC00045', 'ROLE_REMOTE');
insert into user_roles(username, role) values ('LOC00046', 'ROLE_REMOTE');
insert into user_roles(username, role) values ('LOC00047', 'ROLE_REMOTE');
insert into user_roles(username, role) values ('LOC00048', 'ROLE_REMOTE');
insert into user_roles(username, role) values ('LOC00049', 'ROLE_REMOTE');
insert into user_roles(username, role) values ('LOC00050', 'ROLE_REMOTE');
insert into user_roles(username, role) values ('LOC00051', 'ROLE_REMOTE');
insert into user_roles(username, role) values ('LOC00052', 'ROLE_REMOTE');
insert into user_roles(username, role) values ('LOC00053', 'ROLE_REMOTE');
insert into user_roles(username, role) values ('LOC00054', 'ROLE_REMOTE');
insert into user_roles(username, role) values ('LOC00055', 'ROLE_REMOTE');
insert into user_roles(username, role) values ('LOC00056', 'ROLE_REMOTE');
insert into user_roles(username, role) values ('LOC00057', 'ROLE_REMOTE');
insert into user_roles(username, role) values ('LOC00058', 'ROLE_REMOTE');
insert into user_roles(username, role) values ('LOC00059', 'ROLE_REMOTE');
insert into user_roles(username, role) values ('LOC00060', 'ROLE_REMOTE');
insert into user_roles(username, role) values ('LOC00061', 'ROLE_REMOTE');
insert into user_roles(username, role) values ('LOC00062', 'ROLE_REMOTE');
insert into user_roles(username, role) values ('LOC00063', 'ROLE_REMOTE');
insert into user_roles(username, role) values ('LOC00064', 'ROLE_REMOTE');
insert into user_roles(username, role) values ('LOC00065', 'ROLE_REMOTE');
insert into user_roles(username, role) values ('LOC00066', 'ROLE_REMOTE');
insert into user_roles(username, role) values ('LOC00067', 'ROLE_REMOTE');
insert into user_roles(username, role) values ('LOC00068', 'ROLE_REMOTE');
insert into user_roles(username, role) values ('LOC00069', 'ROLE_REMOTE');
insert into user_roles(username, role) values ('LOC00070', 'ROLE_REMOTE');
insert into user_roles(username, role) values ('LOC00071', 'ROLE_REMOTE');
insert into user_roles(username, role) values ('LOC00072', 'ROLE_REMOTE');
insert into user_roles(username, role) values ('LOC00073', 'ROLE_REMOTE');
insert into user_roles(username, role) values ('LOC00074', 'ROLE_REMOTE');
insert into user_roles(username, role) values ('LOC00075', 'ROLE_REMOTE');
insert into user_roles(username, role) values ('LOC00076', 'ROLE_REMOTE');
insert into user_roles(username, role) values ('LOC00077', 'ROLE_REMOTE');
insert into user_roles(username, role) values ('LOC00078', 'ROLE_REMOTE');
insert into user_roles(username, role) values ('LOC00079', 'ROLE_REMOTE');
insert into user_roles(username, role) values ('LOC00080', 'ROLE_REMOTE');
insert into user_roles(username, role) values ('LOC00081', 'ROLE_REMOTE');
insert into user_roles(username, role) values ('LOC00082', 'ROLE_REMOTE');
insert into user_roles(username, role) values ('LOC00083', 'ROLE_REMOTE');
insert into user_roles(username, role) values ('LOC00084', 'ROLE_REMOTE');
insert into user_roles(username, role) values ('LOC00085', 'ROLE_REMOTE');
insert into user_roles(username, role) values ('LOC00086', 'ROLE_REMOTE');
insert into user_roles(username, role) values ('LOC00087', 'ROLE_REMOTE');
insert into user_roles(username, role) values ('LOC00088', 'ROLE_REMOTE');
insert into user_roles(username, role) values ('LOC00089', 'ROLE_REMOTE');
insert into user_roles(username, role) values ('LOC00090', 'ROLE_REMOTE');
insert into user_roles(username, role) values ('LOC00091', 'ROLE_REMOTE');
insert into user_roles(username, role) values ('LOC00092', 'ROLE_REMOTE');
insert into user_roles(username, role) values ('LOC00093', 'ROLE_REMOTE');
insert into user_roles(username, role) values ('LOC00094', 'ROLE_REMOTE');
insert into user_roles(username, role) values ('LOC00095', 'ROLE_REMOTE');
insert into user_roles(username, role) values ('LOC00096', 'ROLE_REMOTE');
insert into user_roles(username, role) values ('LOC00097', 'ROLE_REMOTE');
insert into user_roles(username, role) values ('LOC00098', 'ROLE_REMOTE');
insert into user_roles(username, role) values ('LOC00099', 'ROLE_REMOTE');
insert into user_roles(username, role) values ('LOC00100', 'ROLE_REMOTE');

insert into location_details(username, name, description, xCoordinate, yCoordinate) values ('LOC00001','aleja 1 Maja 71', '90-717 Łódź',51.771040, 19.438030);
insert into location_details(username, name, description, xCoordinate, yCoordinate) values ('LOC00002','Aleja Adama Mickiewicza', '90-050 Łódź',51.757065, 19.443894);
insert into location_details(username, name, description, xCoordinate, yCoordinate) values ('LOC00003','aleja Politechniki', '93-590 Łódź',51.731821, 19.452316);
insert into location_details(username, name, description, xCoordinate, yCoordinate) values ('LOC00004','aleja Politechniki 16', 'Łódź',51.744195, 19.451472);
insert into location_details(username, name, description, xCoordinate, yCoordinate) values ('LOC00005','aleja Politechniki 27', 'Łódź',51.737297, 19.452524);
insert into location_details(username, name, description, xCoordinate, yCoordinate) values ('LOC00006','aleja Politechniki 3', '93-590 Łódź',51.748851, 19.450067);
insert into location_details(username, name, description, xCoordinate, yCoordinate) values ('LOC00007','aleja Politechniki 37', 'Łódź',51.734409, 19.452605);
insert into location_details(username, name, description, xCoordinate, yCoordinate) values ('LOC00008','aleja Politechniki 9A', 'Łódź',51.746713, 19.450668);
insert into location_details(username, name, description, xCoordinate, yCoordinate) values ('LOC00009','Ciołkowskiego 2C', 'Łódź',51.729415, 19.457449);
insert into location_details(username, name, description, xCoordinate, yCoordinate) values ('LOC00010','Długosza 22', 'Łódź',51.776371, 19.427366);
insert into location_details(username, name, description, xCoordinate, yCoordinate) values ('LOC00011','Długosza 27', 'Łódź',51.777154, 19.424609);
insert into location_details(username, name, description, xCoordinate, yCoordinate) values ('LOC00012','Doktora Stefana Kopcińskiego 26', 'Łódź',51.772999, 19.482620);
insert into location_details(username, name, description, xCoordinate, yCoordinate) values ('LOC00013','Doktora Stefana Kopcińskiego 6', '90-232 Łódź',51.777931, 19.481820);
insert into location_details(username, name, description, xCoordinate, yCoordinate) values ('LOC00014','Gdańska 11', 'Łódź',51.776155, 19.447664);
insert into location_details(username, name, description, xCoordinate, yCoordinate) values ('LOC00015','Gdańska 97', 'Łódź',51.764938, 19.450035);
insert into location_details(username, name, description, xCoordinate, yCoordinate) values ('LOC00016','Głowackiego', 'Łódź',51.787023, 19.471329);
insert into location_details(username, name, description, xCoordinate, yCoordinate) values ('LOC00017','Jana Matejki 15', '90-237 Łódź',51.778210, 19.485672);
insert into location_details(username, name, description, xCoordinate, yCoordinate) values ('LOC00018','Jana Matejki 34/38', 'Łódź',51.773935, 19.486734);
insert into location_details(username, name, description, xCoordinate, yCoordinate) values ('LOC00019','Jana Muszyńskiego', '90-151 Łódź',51.773743, 19.491283);
insert into location_details(username, name, description, xCoordinate, yCoordinate) values ('LOC00020','Jaracza 58', 'Łódź',51.773829, 19.469059);
insert into location_details(username, name, description, xCoordinate, yCoordinate) values ('LOC00021','Julianowska 5', '91-473 Łódź',51.799307, 19.451088);
insert into location_details(username, name, description, xCoordinate, yCoordinate) values ('LOC00022','Julianowska 66', 'Łódź',51.801026, 19.457290);
insert into location_details(username, name, description, xCoordinate, yCoordinate) values ('LOC00023','Karolewska', '90-560 Łódź',51.756643, 19.431034);
insert into location_details(username, name, description, xCoordinate, yCoordinate) values ('LOC00024','Karolewska', '90-560 Łódź',51.756517, 19.432354);
insert into location_details(username, name, description, xCoordinate, yCoordinate) values ('LOC00025','Kościuszki 62', '90-428 Łódź',51.762444, 19.455190);
insert into location_details(username, name, description, xCoordinate, yCoordinate) values ('LOC00026','Księdza Biskupa Wincentego Tymienieckiego 1', '90-349 Łódź',51.748645, 19.461053);
insert into location_details(username, name, description, xCoordinate, yCoordinate) values ('LOC00027','Księdza Biskupa Wincentego Tymienieckiego 40', 'Łódź',51.754319, 19.483890);
insert into location_details(username, name, description, xCoordinate, yCoordinate) values ('LOC00028','Lutomierska 67', '91-048 Łódź',51.784569, 19.441068);
insert into location_details(username, name, description, xCoordinate, yCoordinate) values ('LOC00029','Łagiewnicka 55', 'Łódź',51.791965, 19.454962);
insert into location_details(username, name, description, xCoordinate, yCoordinate) values ('LOC00030','Łagiewnicka 63', 'Łódź',51.794935, 19.455455);
insert into location_details(username, name, description, xCoordinate, yCoordinate) values ('LOC00031','Ossowskiego 4', 'Łódź',51.774194, 19.423793);
insert into location_details(username, name, description, xCoordinate, yCoordinate) values ('LOC00032','Parkowa 6/8', 'Łódź',51.751699, 19.441999);
insert into location_details(username, name, description, xCoordinate, yCoordinate) values ('LOC00033','Patrice Lumumby 4', '91-404 Łódź',51.777732, 19.494180);
insert into location_details(username, name, description, xCoordinate, yCoordinate) values ('LOC00034','Patrice Lumumby 6/8', '91-404 Łódź',51.780494, 19.493204);
insert into location_details(username, name, description, xCoordinate, yCoordinate) values ('LOC00035','Piłsudskiego 35', 'Łódź',51.760392, 19.468532);
insert into location_details(username, name, description, xCoordinate, yCoordinate) values ('LOC00036','Piłsudskiego 55', 'Łódź',51.760741, 19.472679);
insert into location_details(username, name, description, xCoordinate, yCoordinate) values ('LOC00037','Piłsudskiego 61', 'Łódź',51.760867, 19.479089);
insert into location_details(username, name, description, xCoordinate, yCoordinate) values ('LOC00038','Piłsudskiego 71', 'Łódź',51.761627, 19.484717);
insert into location_details(username, name, description, xCoordinate, yCoordinate) values ('LOC00039','Piotrkowska 114', 'Łódź',51.763508, 19.457607);
insert into location_details(username, name, description, xCoordinate, yCoordinate) values ('LOC00040','Piotrkowska 138-142', '90-004 Łódź',51.760896, 19.458197);
insert into location_details(username, name, description, xCoordinate, yCoordinate) values ('LOC00041','Piotrkowska 152', 'Łódź',51.759615, 19.458472);
insert into location_details(username, name, description, xCoordinate, yCoordinate) values ('LOC00042','Piotrkowska 164', 'Łódź',51.758878, 19.458665);
insert into location_details(username, name, description, xCoordinate, yCoordinate) values ('LOC00043','Piotrkowska 194', 'Łódź',51.756242, 19.459231);
insert into location_details(username, name, description, xCoordinate, yCoordinate) values ('LOC00044','Piotrkowska 230', '90-004 Łódź',51.752803, 19.460009);
insert into location_details(username, name, description, xCoordinate, yCoordinate) values ('LOC00045','Piotrkowska 282', 'Muzeum Papieru i Druku, Łódź',51.745497, 19.461643);
insert into location_details(username, name, description, xCoordinate, yCoordinate) values ('LOC00046','Piotrkowska 286', 'Łódź',51.742866, 19.462180);
insert into location_details(username, name, description, xCoordinate, yCoordinate) values ('LOC00047','Piotrkowska 294', 'Łódź',51.741059, 19.462459);
insert into location_details(username, name, description, xCoordinate, yCoordinate) values ('LOC00048','Piotrkowska 34', 'Łódź',51.772571, 19.455654);
insert into location_details(username, name, description, xCoordinate, yCoordinate) values ('LOC00049','Piotrkowska 70', 'Łódź',51.768734, 19.456459);
insert into location_details(username, name, description, xCoordinate, yCoordinate) values ('LOC00050','Piotrkowska 75', 'Łódź',51.767625, 19.456652);
insert into location_details(username, name, description, xCoordinate, yCoordinate) values ('LOC00051','Plac 4 Czerwca 1989 roku', 'Łódź',51.770746, 19.460464);
insert into location_details(username, name, description, xCoordinate, yCoordinate) values ('LOC00052','Plac Henryka Dąbrowskiego', 'Łódź',51.772003, 19.469961);
insert into location_details(username, name, description, xCoordinate, yCoordinate) values ('LOC00053','plac Wolności 14', '91-415 Łódź',51.776564, 19.455037);
insert into location_details(username, name, description, xCoordinate, yCoordinate) values ('LOC00054','Podrzeczna 15', 'Łódź',51.781137, 19.453728);
insert into location_details(username, name, description, xCoordinate, yCoordinate) values ('LOC00055','Polskiej Organizacji Wojskowej 7', 'Łódź',51.775037, 19.465991);
insert into location_details(username, name, description, xCoordinate, yCoordinate) values ('LOC00056','Pomorska 100', 'Łódź',51.779241, 19.480942);
insert into location_details(username, name, description, xCoordinate, yCoordinate) values ('LOC00057','Pomorska 105', 'Łódź',51.778725, 19.477465);
insert into location_details(username, name, description, xCoordinate, yCoordinate) values ('LOC00058','Pomorska 196-202', '92-209 Łódź',51.776411, 19.507430);
insert into location_details(username, name, description, xCoordinate, yCoordinate) values ('LOC00059','Pomorska 33', 'Łódź',51.777347, 19.462150);
insert into location_details(username, name, description, xCoordinate, yCoordinate) values ('LOC00060','Pomorska 65', 'Łódź',51.778041, 19.469344);
insert into location_details(username, name, description, xCoordinate, yCoordinate) values ('LOC00061','Północna 59/61', 'Łódź',51.780703, 19.475009);
insert into location_details(username, name, description, xCoordinate, yCoordinate) values ('LOC00062','Prezydenta Narutowicza 31', '90-117 Łódź',51.771100, 19.463470);
insert into location_details(username, name, description, xCoordinate, yCoordinate) values ('LOC00063','Radwańska 31', 'Łódź',51.752174, 19.452778);
insert into location_details(username, name, description, xCoordinate, yCoordinate) values ('LOC00064','Rewolucji 1905 roku 32', 'Łódź',51.775323, 19.462375);
insert into location_details(username, name, description, xCoordinate, yCoordinate) values ('LOC00065','Rzgowska 15', 'Łódź',51.738548, 19.467093);
insert into location_details(username, name, description, xCoordinate, yCoordinate) values ('LOC00066','Rzgowska 52', 'Łódź',51.735704, 19.469969);
insert into location_details(username, name, description, xCoordinate, yCoordinate) values ('LOC00067','Rzgowska 59', 'Łódź',51.732993, 19.472544);
insert into location_details(username, name, description, xCoordinate, yCoordinate) values ('LOC00068','Sienkiewicza 36', 'Łódź',51.765866, 19.461591);
insert into location_details(username, name, description, xCoordinate, yCoordinate) values ('LOC00069','Sienkiewicza 55', 'Łódź',51.764306, 19.461934);
insert into location_details(username, name, description, xCoordinate, yCoordinate) values ('LOC00070','Sienkiewicza 64', '90-058 Łódź',51.759991, 19.462865);
insert into location_details(username, name, description, xCoordinate, yCoordinate) values ('LOC00071','Skorupki 10/12', 'Łódź',51.748978, 19.453039);
insert into location_details(username, name, description, xCoordinate, yCoordinate) values ('LOC00072','Skorupki 13', 'Łódź',51.749164, 19.456236);
insert into location_details(username, name, description, xCoordinate, yCoordinate) values ('LOC00073','Smugowa 40', 'Łódź',51.783830, 19.466705);
insert into location_details(username, name, description, xCoordinate, yCoordinate) values ('LOC00074','Sporna 83', 'Łódź',51.790487, 19.478646);
insert into location_details(username, name, description, xCoordinate, yCoordinate) values ('LOC00075','Stanisława Tybury 4', '91-013 Łódź',51.785080, 19.433000);
insert into location_details(username, name, description, xCoordinate, yCoordinate) values ('LOC00076','Stefana Żeromskiego 103', '90-549 Łódź',51.761883, 19.447428);
insert into location_details(username, name, description, xCoordinate, yCoordinate) values ('LOC00077','Stefana Żeromskiego 106', 'Łódź',51.757663, 19.448840);
insert into location_details(username, name, description, xCoordinate, yCoordinate) values ('LOC00078','Stefana Żeromskiego 117', '90-542 Łódź',51.753486, 19.449366);
insert into location_details(username, name, description, xCoordinate, yCoordinate) values ('LOC00079','Stefana Żeromskiego 35', 'Łódź',51.769665, 19.445991);
insert into location_details(username, name, description, xCoordinate, yCoordinate) values ('LOC00080','Śmigłego-Rydza 28', 'Łódź',51.747757, 19.489473);
insert into location_details(username, name, description, xCoordinate, yCoordinate) values ('LOC00081','Śmigłego-Rydza 43', 'Łódź',51.737792, 19.488717);
insert into location_details(username, name, description, xCoordinate, yCoordinate) values ('LOC00082','Śmigłego-Rydza 52', 'Łódź',51.742077, 19.488921);
insert into location_details(username, name, description, xCoordinate, yCoordinate) values ('LOC00083','Targowa 59', 'Łódź',51.757842, 19.473259);
insert into location_details(username, name, description, xCoordinate, yCoordinate) values ('LOC00084','Tuwima 52', '90-010 Łódź',51.766570, 19.469277);
insert into location_details(username, name, description, xCoordinate, yCoordinate) values ('LOC00085','Więckowskiego 36, Łódź', 'Muzeum Sztuki',51.771889, 19.448244);
insert into location_details(username, name, description, xCoordinate, yCoordinate) values ('LOC00086','Wigury 21', '90-302 Łódź',51.756341, 19.463683);
insert into location_details(username, name, description, xCoordinate, yCoordinate) values ('LOC00087','Williama Lindleya 1', 'Łódź',51.772315, 19.474317);
insert into location_details(username, name, description, xCoordinate, yCoordinate) values ('LOC00088','Wojska Polskiego 121', '91-743 Łódź',51.789160, 19.479344);
insert into location_details(username, name, description, xCoordinate, yCoordinate) values ('LOC00089','Wojska Polskiego 152', 'Łódź',51.790620, 19.484687);
insert into location_details(username, name, description, xCoordinate, yCoordinate) values ('LOC00090','Wólczańska 234A', '93-035 Łódź',51.745723, 19.457062);
insert into location_details(username, name, description, xCoordinate, yCoordinate) values ('LOC00091','Zachodnia', '91-302 Łódź',51.786938, 19.449018);
insert into location_details(username, name, description, xCoordinate, yCoordinate) values ('LOC00092','Zachodnia 16C', 'Łódź',51.782830, 19.450262);
insert into location_details(username, name, description, xCoordinate, yCoordinate) values ('LOC00093','Zachodnia 47', 'Łódź',51.779478, 19.451346);
insert into location_details(username, name, description, xCoordinate, yCoordinate) values ('LOC00094','Zachodnia 67', 'Łódź',51.776544, 19.452322);
insert into location_details(username, name, description, xCoordinate, yCoordinate) values ('LOC00095','Zgierska 150', '91-320 Łódź',51.797290, 19.444254);
insert into location_details(username, name, description, xCoordinate, yCoordinate) values ('LOC00096','Zgierska 54', 'Łódź',51.786640, 19.452301);
insert into location_details(username, name, description, xCoordinate, yCoordinate) values ('LOC00097','Zgierska 63', 'Łódź',51.790117, 19.448964);
insert into location_details(username, name, description, xCoordinate, yCoordinate) values ('LOC00098','Zgierska 85', 'Łódź',51.793415, 19.446990);
insert into location_details(username, name, description, xCoordinate, yCoordinate) values ('LOC00099','Zielona 69', 'Łódź',51.768829, 19.438362);
insert into location_details(username, name, description, xCoordinate, yCoordinate) values ('LOC00100','Zielona 9', 'Łódź',51.770350, 19.453587);

--changeset qbisiak:3
delete from user_roles where username='remote';
delete from users where username='remote';

--changeset qbisiak:4
CREATE OR REPLACE FUNCTION add_bikes()
RETURNS VOID AS $$ BEGIN
	FOR loc IN 0..99 LOOP
	FOR bike IN 0..9 LOOP
		insert into bikes(name, blocked, enabled, description, lock_code, username) values(
		'BIKE' || substring(to_char(loc,'099'),2,4) || substring(to_char(bike,'9'),2,2),
		false,true,'',
		concat(trunc(random() * 10), trunc(random() * 10), trunc(random() * 10), trunc(random() * 10)),
		'LOC' || substring(to_char(loc+1,'00099'),2,6)); END LOOP; 	END LOOP; END; $$ LANGUAGE plpgsql;
select add_bikes();
DROP FUNCTION add_bikes();

--changeset qbisiak:5
CREATE OR REPLACE FUNCTION add_users()
RETURNS VOID AS $$ BEGIN
	FOR usr IN 0..999 LOOP
		insert into users(username, added_on, balance, blocked, enabled, password) values('USR' || substring(to_char(usr+1,'09999'),2,6), now(), 0, false, true, '207023ccb44feb4d7dadca005ce29a64'); insert into user_roles(username, role) values ('USR' || substring(to_char(usr+1,'09999'),2,6), 'ROLE_CLIENT');  END LOOP;  END; $$ LANGUAGE plpgsql;
select add_users();
DROP FUNCTION add_users();